{"Q-loss": 0.3118358552455902, "_runtime": 12341, "_timestamp": 1622764214, "_step": 9543, "n-step loss": 2.39575457572937, "super_vised loss": 0.9473684281110764, "total loss": 3.6549588590860367}