{"Q-loss": 0.25780990719795227, "_runtime": 106, "_timestamp": 1622124447, "_step": 879, "n-step loss": 0.2942216396331787, "super_vised loss": 0.9473684281110764, "total loss": 1.4993999749422073}