{"Q-loss": 0.09218265116214752, "_runtime": 179, "_timestamp": 1622116054, "_step": 79, "n-step loss": 0.26334983110427856, "super_vised loss": 0.9473684281110764, "total loss": 1.3029009103775024}