{"Q-loss": 0.024149391800165176, "_runtime": 127, "_timestamp": 1622747976, "_step": 51, "n-step loss": 0.5282215476036072, "super_vised loss": 0.9617305541206662, "total loss": 1.5141014935244386}