{"Q-loss": 0.0, "_runtime": 72, "_timestamp": 1622751857, "_step": 43, "n-step loss": 2.474071502685547, "super_vised loss": 1.0057165563336385, "total loss": 3.479788059019185}