{"Q-loss": 0.4469299614429474, "_runtime": 51, "_timestamp": 1622115550, "_step": 15, "n-step loss": 0.13706845045089722, "super_vised loss": 1.4204631111690795, "total loss": 2.004461523062924}