{"Q-loss": 0.4019293785095215, "_runtime": 577, "_timestamp": 1622117563, "_step": 279, "n-step loss": 0.6609776020050049, "super_vised loss": 0.9473684281110764, "total loss": 2.0102754086256027}