{"Q-loss": 0.4585385322570801, "_runtime": 1667, "_timestamp": 1622747256, "_step": 799, "n-step loss": 0.6567217707633972, "super_vised loss": 0.9473684281110764, "total loss": 2.0626287311315536}