{"Q-loss": 0.20120054483413696, "_runtime": 90, "_timestamp": 1622124598, "_step": 403, "n-step loss": 0.3680931627750397, "super_vised loss": 0.9473684281110764, "total loss": 1.516662135720253}