{"Q-loss": 0.026920299977064133, "_runtime": 553, "_timestamp": 1622748601, "_step": 11, "n-step loss": 2.676147937774658, "super_vised loss": 1.596576661722791, "total loss": 4.299644899474513}